{
  "shared_item_grid": {
    "type": "array",
    "orientation": "horizontal",
    "content": [
      {
        "type": "itemgrid",
        "h_alignment": "center",
        "margin": "-1,0,-5,0",
        "item_margin": "1,2",
        "item_size": 40,
        "rows": [
          ["stick", "sword", "dagger", "staff", "orb", "gun", "dash", "light"],
          ["mask", "pray", "cross", "icerod", "soul", "wishes", "hexquest"],
          ["key", "oldkey", "vaultkey", "red", "green", "blue", "ding", "dong"]
        ]
      }
    ]
  },
  "ladders": {
    "type": "array",
    "orientation": "horizontal",
    "content": [
      {
        "type": "itemgrid",
        "h_alignment": "center",
        "margin": "0,0,0,0",
        "item_margin": "2,2",
        "item_size": "40",
        "rows": [
          [
            "ladders_near_weathervane",
            "ladders_near_overworld_checkpoint",
            "ladders_near_patrol_cave",
            "ladder_near_temple_rafters",
            "ladders_near_dark_tomb",
            "ladder_in_dark_tomb",
            "ladders_to_west_bell"
          ],
          [
            "ladders_in_overworld_town",
            "ladders_in_hourglass_cave",
            "ladders_in_well",
            "ladder_to_quarry",
            "ladders_in_lower_quarry",
            "ladder_to_east_forest",
            "ladders_to_lower_forest"
          ],
          [
            "ladder_to_beneath_the_vault",
            "ladder_to_ruined_atoll",
            "ladders_in_south_atoll",
            "ladders_to_frogs_domain",
            "ladders_in_library",
            "ladder_to_swamp",
            "ladders_in_swamp"
          ]
        ]
      }
    ]
  }
}
