{
  "shared_item_grid": {
    "type": "array",
    "orientation": "horizontal",
    "content": [
      {
        "type": "itemgrid",
        "h_alignment": "center",
        "margin": "-1,0,-5,0",
        "item_margin": "1,2",
        "item_size": 40,
        "rows": [
          ["progsword", "dagger", "staff", "orb", "gun", "dash", "light"],
          ["mask", "pray", "cross", "icerod", "soul", "wishes", "hexquest"],
          ["key", "oldkey", "vaultkey", "red", "green", "blue", "ding", "dong"]
        ]
      }
    ]
  }
}
